{"cameraMode":{"drawMode":0,"name":"Shaded","section":"Shading Mode"},"sceneLighting":false,"audioPlay":false,"sceneViewState":{"m_AlwaysRefresh":false,"showFog":true,"showSkybox":true,"showFlares":true,"showImageEffects":true,"showParticleSystems":true,"showVisualEffectGraphs":true,"m_FxEnabled":true},"in2DMode":false,"pivot":{"x":0.2705506682395935,"y":0.20533883571624757,"z":-0.22096151113510133},"rotation":{"x":0.12996070086956025,"y":-0.4562714695930481,"z":0.06755907833576203,"w":0.8777057528495789},"size":0.5917230844497681,"orthographic":false}