{"cameraMode":{"drawMode":0,"name":"Shaded","section":"Shading Mode"},"sceneLighting":false,"audioPlay":false,"sceneViewState":{"m_AlwaysRefresh":false,"showFog":true,"showSkybox":true,"showFlares":true,"showImageEffects":true,"showParticleSystems":true,"showVisualEffectGraphs":true,"m_FxEnabled":true},"in2DMode":false,"pivot":{"x":-2.332012414932251,"y":5.144959449768066,"z":-1.3114128112792969},"rotation":{"x":0.009466166608035565,"y":0.9891558289527893,"z":0.07401809841394425,"w":-0.12650278210639954},"size":6.607396125793457,"orthographic":false}